player_name,position,actual_score,predicted_score,value_delta
Josh Allen,QB,97.60977737522228,95.98458265605183,-1.6251947191704517
Lamar Jackson,QB,96.23939578550687,90.56065326245533,-5.67874252305154
Jayden Daniels,QB,95.87505786307656,80.78139140397262,-15.093666459103943
Joe Burrow,QB,93.62538389582369,76.44026040807452,-17.185123487749166
Jalen Hurts,QB,93.60040398517714,85.24362286369865,-8.356781121478491
Patrick Mahomes,QB,92.60224173165777,77.84067397057689,-14.761567761080883
Drake Maye,QB,88.09767992155314,74.21300523669574,-13.884674684857401
Bo Nix,QB,87.6088985672927,75.85295493976366,-11.755943627529035
Baker Mayfield,QB,86.31815637433452,74.33998944122406,-11.978166933110458
Brock Purdy,QB,85.72113362116366,76.60800374581774,-9.11312987534592
Caleb Williams,QB,85.5860370092799,73.26470870585077,-12.32132830342914
Justin Herbert,QB,85.28280015520754,71.5280818992475,-13.754718255960043
Dak Prescott,QB,84.09162449210315,75.99898752519664,-8.092636966906511
Jordan Love,QB,81.96259687297041,69.53423204457765,-12.428364828392759
Trevor Lawrence,QB,81.90869580042467,70.77534736163591,-11.133348438788758
Jared Goff,QB,80.76071190833625,72.14825059551643,-8.612461312819818
Kyler Murray,QB,80.61631148545098,71.39371065567724,-9.22260082977374
C.J. Stroud,QB,80.37633496310895,64.8108701353475,-15.565464827761446
J.J. McCarthy,QB,74.86837567708196,55.175038706210145,-19.693336970871812
Cam Ward,QB,73.54780437618885,51.49269040724546,-22.055113968943388
Bryce Young,QB,72.03364540998088,54.40995410009848,-17.623691309882396
Justin Fields,QB,71.83430131522465,65.81406546729713,-6.020235847927523
Michael Penix Jr.,QB,71.23246090790927,48.90233839538257,-22.3301225125267
Sam Darnold,QB,70.49918508368386,55.93893228747886,-14.560252796204992
Matthew Stafford,QB,70.41640490388318,69.6592033917143,-0.7572015121688764
Tua Tagovailoa,QB,68.97694972226014,57.72379252311559,-11.253157199144553
Jaxson Dart,QB,65.89468746093263,71.67077791968518,5.776090458752549
Geno Smith,QB,64.24215802818834,59.42272674620898,-4.819431281979362
Daniel Jones,QB,61.98149278633994,60.174590141417355,-1.8069026449225873
Aaron Rodgers,QB,59.518676603125535,58.884950288794215,-0.6337263143313194
Tyler Shough,QB,58.39630807705669,58.47353687240485,0.0772287953481623
Anthony Richardson,QB,57.93757435853935,58.63888391581401,0.7013095572746622
Shedeur Sanders,QB,53.68678951315247,49.86076371288944,-3.8260258002630323
Russell Wilson,QB,51.22361747865351,65.12657106493563,13.902953586282123
Jalen Milroe,QB,50.00868005516402,0.8448406493656506,-49.16383940579837
Joe Flacco,QB,46.68222000526142,58.92205080756644,12.239830802305022
Quinn Ewers,QB,43.958114172131665,36.223189058768924,-7.734925113362742
Spencer Rattler,QB,42.642871001874845,45.12979806632349,2.4869270644486434
Will Levis,QB,42.561054164141645,45.11209672783531,2.551042563693663
Malik Willis,QB,41.950673470687825,35.239414720024534,-6.711258750663291
Kirk Cousins,QB,40.44315249027892,56.18868731417328,15.74553482389436
Jimmy Garoppolo,QB,40.26911345575474,33.32096613667838,-6.948147319076362
Dillon Gabriel,QB,39.90546733316065,33.945068613179075,-5.960398719981576
Jacoby Brissett,QB,39.851859723522125,56.52800322514182,16.6761435016197
Taysom Hill,QB,39.135901087012016,33.5292323499413,-5.606668737070713
Jameis Winston,QB,38.89625819155158,39.08644911228692,0.19019092073533983
Kyle Allen,QB,36.36864299569875,2.5759664146197565,-33.79267658107899
Mac Jones,QB,35.94225416490751,43.22730632445931,7.285052159551803
Sam Howell,QB,35.78750252733381,60.217998439949056,24.43049591261525
Joe Milton,QB,35.256630861152175,33.35151936733753,-1.905111493814644
Tyrod Taylor,QB,34.94663768429256,40.23344371285371,5.286806028561152
Carson Wentz,QB,33.17101218446615,50.25402060387641,17.083008419410262
Zach Wilson,QB,32.7902721792535,36.013843218933594,3.2235710396800954
Mason Rudolph,QB,32.273590263299994,40.19564833221591,7.922058068915916
Tyler Huntley,QB,31.576101292534954,35.86340329645792,4.287302003922964
Aidan O'Connell,QB,31.390982810926843,45.87611275256702,14.485129941640174
Kenny Pickett,QB,30.86278011462965,25.45332021077413,-5.40945990385552
Marcus Mariota,QB,30.49287934519891,44.63909163945997,14.146212294261058
Gardner Minshew,QB,29.492468409788238,42.53354178580458,13.041073376016342
Philip Rivers,QB,27.3542600896861,40.59292747626384,13.238667386577738
Riley Leonard,QB,27.239707828754025,29.414586078579546,2.1748782498255217
Andy Dalton,QB,27.19555835919494,31.34800885456171,4.152450495366768
Jake Browning,QB,26.13711711797009,50.01264938106757,23.87553226309748
Cooper Rush,QB,25.63809076508484,20.45135968728222,-5.186731077802619
Teddy Bridgewater,QB,25.5688622754491,2.6277292661698866,-22.941133009279213
Joshua Dobbs,QB,24.664268811176324,54.524929690160576,29.860660878984252
Trey Lance,QB,24.535624417670228,14.696909516173374,-9.838714901496854
Nick Mullens,QB,23.961606199365974,25.182249179729748,1.220642980363774
Tyson Bagent,QB,23.667619166641842,26.901464631825178,3.233845465183336
Davis Mills,QB,23.167341417328327,24.529631190544716,1.3622897732163892
Dorian Thompson-Robinson,QB,22.754491017964074,15.509334785422418,-7.245156232541657
Tanner McKee,QB,22.63507781454489,30.548248332223004,7.913170517678115
Deshaun Watson,QB,22.543997295926285,56.65735206564061,34.11335476971432
Brandon Allen,QB,22.395209580838326,13.682817936483925,-8.712391644354401
Taylor Heinicke,QB,21.95209580838323,34.21802215630541,12.265926347922179
Brady Cook,QB,21.67826279589191,25.50542054715103,3.8271577512591186
Jarrett Stidham,QB,18.651403076200538,25.52239725023952,6.870994174038984
Drew Lock,QB,17.824275408288475,34.626752300702655,16.80247689241418
Mitchell Trubisky,QB,17.106979681395806,23.63164834529332,6.524668663897515
Kyle Trask,QB,15.748502994011975,2.7071123059268842,-13.041390688085091
Hendon Hooker,QB,15.529687104663907,6.457884797310776,-9.071802307353131
Jake Haener,QB,15.209580838323355,4.44727858996319,-10.762302248360164
Clayton Tune,QB,9.859154929577462,7.536311696435035,-2.322843233142427
Case Keenum,QB,8.682634730538918,22.68121988279706,13.99858515225814
Max Brosmer,QB,7.389221556886227,9.534201149850986,2.1449795929647593
Tommy DeVito,QB,6.586826347305386,43.62475999080964,37.03793364350426
Skylar Thompson,QB,5.988023952095811,17.94778167620842,11.95975772411261
Shane Buechele,QB,4.790419161676651,18.3659317279981,13.575512566321448
Bailey Zappe,QB,4.705882352941182,30.771777936791448,26.065895583850267
Josh Johnson,QB,4.586826347305384,17.758772020230566,13.171945672925183
Brett Rypien,QB,2.39520958083832,16.76035732724951,14.36514774641119
Kedon Slovis,QB,0.5988023952095856,2.7857998407111637,2.186997445501578
Jeff Driskel,QB,0.0,54.816631426276274,54.816631426276274
Bijan Robinson,RB,98.98787120450015,100.16235257295176,1.1744813684516089
Jahmyr Gibbs,RB,98.46492532823586,103.59991473410298,5.134989405867117
Ashton Jeanty,RB,96.4667805817567,72.85089716277544,-23.615883418981255
De'Von Achane,RB,95.7113705992624,96.34465719869928,0.6332865994368859
Saquon Barkley,RB,94.85753271263735,97.37170847956426,2.514175766926911
Jonathan Taylor,RB,93.7192947786511,95.57565169293925,1.856356914288142
Christian McCaffrey,RB,93.60869538264024,118.07066111098672,24.461965728346485
Bucky Irving,RB,92.49486278608356,75.95507644685146,-16.539786339232094
Chase Brown,RB,92.24705793822997,77.37972570690101,-14.867332231328959
Josh Jacobs,RB,91.12161364850368,80.02111935707298,-11.100494291430707
Omarion Hampton,RB,90.70690353103646,77.54088918923675,-13.166014341799709
James Cook,RB,90.63768256401724,85.29970510661497,-5.337977457402275
Derrick Henry,RB,90.23496415305543,94.49889360605201,4.263929452996578
Breece Hall,RB,89.33262277278743,84.52759991952865,-4.805022853258777
Kyren Williams,RB,89.29300405312667,86.44866034074354,-2.8443437123831217
TreVeyon Henderson,RB,88.87806133526414,69.63421805594908,-19.24384327931506
Kenneth Walker III,RB,86.98070466966104,74.12076865660629,-12.85993601305475
RJ Harvey,RB,84.1377678461262,60.183519207783704,-23.95424863834249
D'Andre Swift,RB,81.38139421400729,67.49888766862257,-13.882506545384715
Chuba Hubbard,RB,79.64166455517271,64.13200518529007,-15.509659369882641
Travis Etienne,RB,79.290512683983,71.90606764017332,-7.384445043809677
Tony Pollard,RB,78.4099900215259,64.7451986414129,-13.664791380113002
David Montgomery,RB,78.18078605628757,69.92434104350772,-8.25644501277985
Jaylen Warren,RB,77.90223773565998,64.9683847599917,-12.933852975668287
Alvin Kamara,RB,77.76897088199486,78.79769895096001,1.028728068965151
Javonte Williams,RB,76.56255370214997,61.62801373197094,-14.934539970179031
Zach Charbonnet,RB,76.484414358777,59.43281754333066,-17.051596815446345
Tyrone Tracy,RB,75.62631874279387,58.088550098049204,-17.537768644744666
Cam Skattebo,RB,75.57433855558351,83.88268694416595,8.308348388582445
Quinshon Judkins,RB,75.37720702195392,67.78934089703317,-7.587866124920751
Kaleb Johnson,RB,73.26919281908465,15.91532337190747,-57.35386944717718
Isiah Pacheco,RB,73.08996972059637,56.73896588368043,-16.351003836915943
Aaron Jones,RB,72.10238468431531,67.56096728308559,-4.541417401229722
Rhamondre Stevenson,RB,70.63821031209018,66.06690715006782,-4.57130316202236
Jordan Mason,RB,70.49480817226888,52.85162811193763,-17.643180060331247
Bhayshul Tuten,RB,70.3992894355813,40.91892180393614,-29.48036763164515
James Conner,RB,69.68887579110786,81.10480916083716,11.415933369729302
Trey Benson,RB,69.56386194140784,50.422532556128075,-19.14132938527976
J.K. Dobbins,RB,68.31877292902848,73.64403416650654,5.32526123747806
Tank Bigsby,RB,66.95639240715954,35.42325047160489,-31.533141935554653
Rico Dowdle,RB,66.82106135502438,55.54206055287169,-11.279000802152694
Dylan Sampson,RB,65.06627612112678,42.28825367089442,-22.778022450232356
Tyler Allgeier,RB,64.65998381199618,44.61846915241264,-20.04151465958354
Rachaad White,RB,64.53536180239321,64.25582484105769,-0.2795369613355234
Jacory Croskey-Merritt,RB,64.52514355278889,54.34476389522068,-10.18037965756821
Tyjae Spears,RB,64.27717365778138,48.42001823939076,-15.857155418390619
Brian Robinson,RB,63.41984729756247,52.03845635121122,-11.381390946351253
Braelon Allen,RB,62.64104784712818,28.38666646876655,-34.25438137836163
Blake Corum,RB,62.385944960154376,35.04239370573556,-27.343551254418813
Woody Marks,RB,61.076206381917274,52.73329639635905,-8.342909985558222
Joe Mixon,RB,60.74031454879649,85.3612553357846,24.620940786988115
Kyle Monangai,RB,60.277929920777325,48.09146558197362,-12.186464338803702
Ray Davis,RB,59.38651112075044,43.672257427924706,-15.714253692825736
Jaydon Blue,RB,58.46299943015035,32.42635249965629,-26.036646930494058
Najee Harris,RB,56.400453234035915,60.73583389504432,4.335380661008408
Ollie Gordon,RB,55.64540973633062,24.718475684771512,-30.92693405155911
Nick Chubb,RB,53.978126714275284,45.051247940073445,-8.926878774201839
Jaylen Wright,RB,52.66724363645713,37.144066221013446,-15.523177415443683
Austin Ekeler,RB,52.00375841729501,63.31115936904949,11.307400951754481
Kenneth Gainwell,RB,50.771886189836124,43.22214592046558,-7.549740269370545
DJ Giddens,RB,50.624954292693175,15.071032098207276,-35.5539221944859
Jerome Ford,RB,50.42263856016003,56.78600790919321,6.363369349033178
Isaac Guerendo,RB,49.11860025087877,57.479908486371016,8.361308235492245
Devin Neal,RB,48.61939054726779,38.106958742043616,-10.512431805224175
Brashard Smith,RB,47.96764803312526,33.389411607150755,-14.578236425974502
Keaton Mitchell,RB,46.855090330994564,35.77256208085995,-11.082528250134615
Roschon Johnson,RB,46.463035380260635,34.83509654963479,-11.627938830625844
Will Shipley,RB,46.39260296164658,16.833155204516714,-29.559447757129867
Tahj Brooks,RB,45.15846823833706,16.743600042364502,-28.414868195972556
Kendre Miller,RB,43.774426344044265,38.70357043903619,-5.070855905008074
Kareem Hunt,RB,43.670384039004944,47.812401992281295,4.142017953276351
Sean Tucker,RB,43.22499505674861,44.992628673806195,1.7676336170575837
Trevor Etienne,RB,43.11179910066261,18.962198266802982,-24.149600833859626
Chris Rodriguez,RB,42.40604781421111,40.19845270455,-2.2075951096611064
Justice Hill,RB,42.068755157873895,44.935355538511814,2.8666003806379194
Kimani Vidal,RB,41.61132112889371,44.22860610743138,2.6172849785376755
MarShawn Lloyd,RB,40.70601487778607,24.43474055375124,-16.271274324034827
Jaleel McLaughlin,RB,40.49957355916613,37.42401246770719,-3.075561091458937
Audric Estime,RB,39.992989386128,32.49076771675596,-7.502221669372041
Isaiah Davis,RB,38.99052424378535,35.27890758582157,-3.7116166579637806
Devin Singletary,RB,38.06488865374494,46.45708871194589,8.392200058200956
Emanuel Wilson,RB,37.722545876361124,33.88650828624553,-3.8360375901155948
Jonathon Brooks,RB,36.64778407416512,23.10358161908815,-13.544202455076974
Miles Sanders,RB,35.598297463261495,39.546260072161765,3.9479626089002693
Antonio Gibson,RB,35.04392135353205,47.26829600789588,12.224374654363828
Dameon Pierce,RB,35.02962772652921,35.40002576471931,0.3703980381900962
Ty Johnson,RB,34.62976950503334,46.02238479121341,11.392615286180074
Raheem Mostert,RB,33.37717589177515,56.531117982257165,23.153942090482012
Raheim Sanders,RB,33.37621893374468,36.94908556800413,3.572866634259448
Elijah Mitchell,RB,32.55634869761184,29.611224063188452,-2.9451246344233866
Samaje Perine,RB,31.87984296688714,31.91711542083685,0.03727245394971135
LeQuint Allen,RB,31.577740675383343,19.997544104874276,-11.580196570509067
Chris Brooks,RB,29.86737082106974,26.363776525996226,-3.5035942950735155
Ameer Abdullah,RB,29.747133168451526,29.189012524296913,-0.5581206441546129
Khalil Herbert,RB,29.66519777005201,37.97689728072194,8.311699510669932
Jack Westover,RB,28.846153846153843,16.15197384918091,-12.694179996972935
Zack Moss,RB,28.152435725043972,63.38515818583163,35.232722460787656
Kene Nwangwu,RB,28.10323309649408,17.51271409350318,-10.590519002990899
Cam Akers,RB,27.712253216824607,35.79221292401538,8.079959707190774
Gus Edwards,RB,27.28380925607547,46.436541522787834,19.152732266712363
Phil Mafah,RB,27.05663054906311,60.37603178965465,33.31940124059153
Emari Demercado,RB,26.677010123435927,33.76422731327126,7.087217189835336
Sincere McCormick,RB,26.352135720764068,44.93422939742484,18.582093676660776
Bam Knight,RB,26.332141779649547,48.2028471185101,21.870705338860553
Ty Chandler,RB,25.4257551618082,34.845749713648225,9.419994551840023
Jeremy McNichols,RB,25.37520200591428,31.894777083425634,6.519575077511355
Jawhar Jordan,RB,25.3074689541003,54.34840036866498,29.04093141456468
Kalel Mullings,RB,24.99746453283814,13.045936334967031,-11.95152819787111
Dare Ogunbowale,RB,24.84084396102823,24.103537970694894,-0.7373059903333363
Andrew Beck,RB,24.807692307692307,23.800855346768817,-1.00683696092349
Zamir White,RB,24.612112101244456,29.503460912832566,4.891348811588109
AJ Dillon,RB,23.84585015651845,34.4812259065615,10.63537575004305
Kyle Juszczyk,RB,23.134022413024802,30.27704921143924,7.143026798414439
Alexander Mattison,RB,21.365020818830228,49.12239840449517,27.757377585664944
Craig Reynolds,RB,20.753221127457884,39.78996663179378,19.036745504335897
George Holani,RB,19.89776056115036,28.27606893539287,8.378308374242511
Isaiah Spiller,RB,19.67741935483871,14.333042050879747,-5.344377303958964
Tyler Goodson,RB,19.6102916179073,29.330256392397654,9.719964774490354
Michael Carter,RB,19.174913869356608,34.19684268821092,15.021928818854313
Trey Sermon,RB,19.077797379332686,26.568491353293595,7.490693973960909
Aaron Shampklin,RB,18.709677419354843,14.525001817926018,-4.184675601428825
Israel Abanikanda,RB,18.702051714200792,25.54403966597048,6.841987951769688
Julius Chestnut,RB,18.506679896196708,17.493697537293706,-1.0129823589030025
Jamaal Williams,RB,18.26512088223041,20.461667754569724,2.196546872339315
Rasheen Ali,RB,17.894351432862212,22.105212418090836,4.210860985228624
Alec Ingold,RB,17.374393310485292,22.358766500883803,4.984373190398511
Trayveon Williams,RB,17.18297789553649,19.483763463425365,2.3007855678888767
Corey Kiner,RB,17.128996384238334,22.327072240534683,5.198075856296349
Cordarrelle Patterson,RB,16.991372883478284,28.26713201685583,11.275759133377544
Travis Homer,RB,16.932707021298757,16.595693494068602,-0.3370135272301553
Nathan Carter,RB,16.759819404832903,20.88498339464967,4.125163989816766
Jase McClellan,RB,16.714531878230897,19.110104815098882,2.3955729368679854
D'Ernest Johnson,RB,16.679435250861243,22.160677373701795,5.481242122840552
Terrell Jennings,RB,16.652474477033962,17.41502536531491,0.7625508882809484
Salvon Ahmed,RB,16.538461538461537,39.2042658764417,22.665804337980166
Jeffery Wilson,RB,15.891987622609342,17.529412640372303,1.6374250177629612
Nyheim Hines,RB,15.870967741935482,11.123151207120351,-4.747816534815131
JaMycal Hasty,RB,15.741935483870972,24.789716269661394,9.047780785790422
Hassan Haskins,RB,15.64308183254695,17.586560233320434,1.9434784007734844
Clyde Edwards-Helaire,RB,15.516613195674767,24.246766497729222,8.730153302054456
Tony Jones,RB,15.150868058772298,33.375382400121836,18.22451434134954
Ezekiel Elliott,RB,14.07018915731729,39.06865722248927,24.99846806517198
Hunter Luepke,RB,13.84299234867573,23.340232096361586,9.497239747685855
Dylan Laube,RB,13.367574966412944,15.294115869064694,1.92654090265175
Tyler Badie,RB,13.29607004013756,23.25148816738405,9.95541812724649
Zavier Scott,RB,13.199058012636412,31.337046140893186,18.137988128256772
Patrick Ricard,RB,13.134851332994216,21.360397299886486,8.22554596689227
Reggie Gilliam,RB,13.116129032258073,17.039413138956295,3.9232841066982225
C.J. Ham,RB,12.973065757349767,23.40863887494844,10.435573117598674
Pierre Strong Jr.,RB,12.928465011553222,25.17120742587457,12.242742414321349
Michael Burton,RB,12.79080617368587,20.417910084241566,7.627103910555697
Brittain Brown,RB,12.516129032258071,55.05139605100228,42.53526701874421
Deuce Vaughn,RB,12.303255739658187,22.821214572341436,10.517958832683249
Adam Prentice,RB,12.19650182505419,16.472438037155356,4.275936212101167
Evan Hull,RB,11.434977578475337,17.14506067345337,5.710083094978032
Tyrion Davis-Price,RB,11.381133457711622,18.222665525323492,6.841532067611871
D'Onta Foreman,RB,11.25156442034535,35.67996353831837,24.42839911797302
Dalvin Cook,RB,11.21287358025606,15.188390398024403,3.9755168177683426
Carson Steele,RB,10.830721926011776,14.910077171088513,4.079355245076737
Jordan Mims,RB,10.404947546153194,26.486943911356832,16.081996365203636
Sione Vaki,RB,10.001809414674462,19.55382445998658,9.552015045312118
Malik Davis,RB,9.298160251436686,26.363216396094366,17.06505614465768
Josh Williams,RB,9.209647389544847,16.891506590660402,7.6818592011155555
Gary Brightwell,RB,8.90322580645162,29.16775009922,20.26452429276838
Kendall Milton,RB,8.645161290322589,12.898029786671138,4.252868496348549
Cody Schrader,RB,7.914668016779974,20.441263749761973,12.526595732981999
Frank Gore Jr.,RB,7.8894047563055025,19.110104815098882,11.22070005879338
Ronnie Rivers,RB,7.457052196597506,18.8488700416335,11.391817845035995
Keaontay Ingram,RB,7.354838709677425,7.908921148440804,0.5540824387633787
British Brooks,RB,6.933983064979343,23.319032998938056,16.38504993395871
Eric Gray,RB,6.2987333806233305,19.979568212690396,13.680834832067065
DeeJay Dallas,RB,5.816763038459871,19.23336027201213,13.41659723355226
Ulysses Bentley,RB,4.641350210970463,12.010590496895745,7.369240285925281
Blake Watson,RB,3.076923076923077,26.65333877818972,23.576415701266644
Raheem Blackshear,RB,2.605459057071963,22.135466030242263,19.530006973170302
Ja'Marr Chase,WR,99.5856366797447,113.95762096972356,14.371984289978869
CeeDee Lamb,WR,98.48593461728152,110.6560952138077,12.170160596526188
Justin Jefferson,WR,98.41528692954864,93.84861442050982,-4.566672509038824
Puka Nacua,WR,97.55201158382138,115.75675324813409,18.204741664312706
Malik Nabers,WR,96.92021552116522,100.3958339593818,3.4756184382165856
Amon-Ra St. Brown,WR,96.77789044065659,112.2240725230858,15.446182082429203
Nico Collins,WR,96.42418467712969,96.28563815843165,-0.13854651869803547
Drake London,WR,96.01953299422726,85.32735124581538,-10.692181748411883
Jaxon Smith-Njigba,WR,95.18033885002227,86.32894910828949,-8.851389741732774
Brian Thomas Jr.,WR,94.07186677329713,79.05288481462745,-15.018981958669684
Ladd McConkey,WR,93.10816907054846,79.18374914798189,-13.924419922566571
A.J. Brown,WR,92.77915780607337,89.77456991683005,-3.004587889243325
Tee Higgins,WR,91.7551214091618,85.8035638990763,-5.951557510085507
Garrett Wilson,WR,91.60247256566957,80.3592076138221,-11.243264951847479
Tetairoa McMillan,WR,90.75188183412192,74.21466677612341,-16.53721505799851
Marvin Harrison Jr.,WR,89.50953994731915,66.43396410586107,-23.07557584145809
George Pickens,WR,88.61881923651828,80.80614017045886,-7.812679066059417
DeVonta Smith,WR,87.4121867360509,79.54369886695285,-7.868487869098047
Davante Adams,WR,86.52286028263873,93.29427678560351,6.771416502964783
Terry McLaurin,WR,86.48201339045718,79.53257874778888,-6.949434642668308
Jameson Williams,WR,86.22279163326044,66.46217284206787,-19.76061879119257
Jaylen Waddle,WR,86.18836428849849,70.19152196437452,-15.996842324123975
DK Metcalf,WR,86.15467475288642,77.02122964543425,-9.133445107452175
Rashee Rice,WR,85.98413613653189,89.64074808278832,3.656611946256433
Zay Flowers,WR,85.82229387322516,76.56536687684758,-9.256926996377587
Chris Olave,WR,85.61394760658433,83.87018417725679,-1.7437634293275437
Courtland Sutton,WR,85.34095495864905,77.93336206315732,-7.407592895491732
Travis Hunter,WR,85.33756291009554,54.51160151574314,-30.825961394352404
Emeka Egbuka,WR,85.2523452160444,68.26384676988391,-16.98849844616049
Xavier Worthy,WR,85.13554824192742,64.55906344716836,-20.576484794759068
Mike Evans,WR,84.9575090607838,92.3639033504165,7.406394289632701
Rome Odunze,WR,84.88054092487553,58.81733178233118,-26.063209142544352
D.J. Moore,WR,84.86758757411496,79.67255974873709,-5.195027825377878
Jordan Addison,WR,80.58661360987725,71.7230994504575,-8.86351415941975
Ricky Pearsall,WR,79.98043368862157,58.23351054258991,-21.746923146031662
Tyreek Hill,WR,79.9283044375136,100.5021690749529,20.5738646374393
Jakobi Meyers,WR,77.80772129906688,75.26097176392648,-2.546749535140407
Matthew Golden,WR,77.65142545577973,36.92908939921097,-40.72233605656876
Jerry Jeudy,WR,77.10323466163021,60.10465067224845,-16.998583989381764
Stefon Diggs,WR,76.6037526694113,81.26874186505651,4.664989195645205
Michael Pittman,WR,76.49082791368787,74.29560509628907,-2.1952228173988004
Khalil Shakir,WR,75.60403899294434,59.959020978022615,-15.645018014921725
Luther Burden,WR,75.34616831458598,49.42506139474163,-25.92110691984435
Josh Downs,WR,75.2022159328103,60.19592138675802,-15.006294546052281
Deebo Samuel,WR,75.15549204663897,74.67817608296914,-0.4773159636698239
Jauan Jennings,WR,75.13938900786096,62.185316800853464,-12.954072207007492
Chris Godwin,WR,74.70847087790365,75.58059329855394,0.8721224206502853
Calvin Ridley,WR,74.48508503584556,68.6807899958238,-5.804295040021756
Jayden Reed,WR,74.17527712541505,68.55798427811902,-5.617292847296028
Jayden Higgins,WR,72.80340439322937,47.10017557881781,-25.70322881441156
Brandon Aiyuk,WR,72.29581090136544,76.86575754171139,4.569946640345947
Darnell Mooney,WR,69.92750430603535,47.863060969231114,-22.06444333680423
Rashid Shaheed,WR,68.766868987527,57.42916906049578,-11.337699927031224
Keon Coleman,WR,68.72605256921071,47.63268723298776,-21.093365336222945
Cooper Kupp,WR,67.72988145009501,65.54099200894083,-2.188889441154174
Quentin Johnston,WR,66.85707504134221,56.96075297827123,-9.896322063070983
Wan'Dale Robinson,WR,65.47131544865985,65.22343496212014,-0.24788048653971373
Tre Harris,WR,65.34527913973648,29.300768150801325,-36.04451098893515
Romeo Doubs,WR,64.7617831623344,64.5278416245585,-0.2339415377758911
Rashod Bateman,WR,64.3367201856405,43.73479054767914,-20.601929637961362
Marvin Mims,WR,64.09894927611411,36.85319226880231,-27.245757007311802
Christian Kirk,WR,63.75250443590893,54.35135141685077,-9.401153019058164
Kyle Williams,WR,63.240542927628084,25.613213497771483,-37.6273294298566
Cedric Tillman,WR,62.93345785974571,37.02811935520135,-25.90533850454436
Keenan Allen,WR,61.56050359517313,82.63938945382117,21.078885858648036
Jaylin Noel,WR,61.25734048161766,32.26846913969581,-28.98887134192185
Alec Pierce,WR,60.70518144250944,55.73935854711301,-4.965822895396435
Michael Wilson,WR,60.54898429118919,59.76266660866944,-0.7863176825197513
Xavier Legette,WR,60.05972551431673,43.673609159859076,-16.386116354457656
Jalen Coker,WR,59.560223593342315,54.99792941305029,-4.562294180292028
Marquise Brown,WR,59.280219993575926,53.625918678448016,-5.65430131512791
Demario Douglas,WR,58.70037745873139,45.40893030002783,-13.291447158703555
Elic Ayomanor,WR,58.69664203453989,45.206504237578585,-13.490137796961307
Jack Bech,WR,58.51450079107308,24.589138420917873,-33.92536237015521
Jalen McMillan,WR,57.76376642174096,56.76023726569089,-1.003529156050071
Adonai Mitchell,WR,57.35219840247125,28.66965273268848,-28.682545669782773
Pat Bryant,WR,57.058831657998894,39.47775159243067,-17.581080065568223
Joshua Palmer,WR,57.00892639385861,44.69693997607187,-12.311986417786741
Isaac TeSlaa,WR,54.86672576206673,34.782925170430275,-20.083800591636454
Adam Thielen,WR,54.18162184735333,59.83759446332724,5.655972615973916
Tory Horton,WR,53.746698528475775,51.236110578573616,-2.5105879499021597
DeAndre Hopkins,WR,53.705143714871326,52.28013154061814,-1.4250121742531832
Troy Franklin,WR,53.058680567861906,46.12072016493784,-6.9379604029240625
Christian Watson,WR,52.97147390127273,59.43358097530418,6.462107074031451
Dontayvion Wicks,WR,52.345015903618666,41.952960371678884,-10.392055531939782
Darius Slayton,WR,52.062281493265615,47.06463271164386,-4.997648781621756
Jalen Royals,WR,50.98049974379925,18.184533457405553,-32.79596628639369
Andrei Iosivas,WR,50.1769855857073,40.12896140277098,-10.048024182936317
Kayshon Boutte,WR,49.81178324537662,48.59952867670012,-1.2122545686764994
Dont'e Thornton,WR,49.478055255140625,16.742566950722313,-32.73548830441831
Tyler Lockett,WR,47.89539289341674,47.27094693033017,-0.624445963086572
Malik Washington,WR,47.74518041120722,35.526777603930356,-12.218402807276867
Calvin Austin III,WR,47.363094330831196,35.95229706736289,-11.410797263468304
Roman Wilson,WR,47.160077070265494,28.08462800710216,-19.075449063163333
Diontae Johnson,WR,45.704170466636526,59.4018228215328,13.69765235489627
Parker Washington,WR,45.57213420282919,57.68178711612585,12.109652913296657
Tre Tucker,WR,44.79725832508606,47.07532117245592,2.27806284736986
Isaiah Bond,WR,44.79176417793336,25.13543606669608,-19.65632811123728
Devaughn Vele,WR,44.462249204238695,46.434746601785754,1.972497397547059
Jalen Tolbert,WR,42.97816236203883,39.148847979747394,-3.829314382291436
Tutu Atwell,WR,42.856075382636,41.079618259716966,-1.7764571229190338
Dyami Brown,WR,42.815638006651405,29.51864556974946,-13.296992436901945
Elijah Moore,WR,42.811543129504685,40.88263976995206,-1.9289033595526277
Brandin Cooks,WR,41.41102740420787,47.537851762957516,6.126824358749644
Tez Johnson,WR,41.06577854703923,38.38304084824621,-2.6827376987930194
Jordan Whittington,WR,40.8665639631205,28.555246688984752,-12.311317274135746
Ja'Lynn Polk,WR,40.32232431630271,20.42202708543386,-19.90029723086885
Luke McCaffrey,WR,40.06172218685892,28.057031729886845,-12.004690456972078
Chimere Dike,WR,40.05019569206641,41.94846551694217,1.8982698248757615
Tank Dell,WR,39.60841262017543,74.70806056513806,35.099647944962626
KeAndre Lambert-Smith,WR,39.39094673279715,18.474931690433653,-20.916015042363494
Jalen Nailor,WR,39.08951795676895,38.7746706041748,-0.31484735259414975
Nick Westbrook-Ikhine,WR,38.24923699459825,42.33460538416025,4.085368389561999
Gabriel Davis,WR,37.61553291998287,48.00801845456918,10.392485534586314
Jermaine Burton,WR,37.61521781969995,26.876217412062324,-10.739000407637626
Jaylin Lane,WR,37.5015237719736,21.391619249783364,-16.109904522190238
Savion Williams,WR,37.13348260797122,17.737026610503865,-19.396455997467353
KaVontae Turpin,WR,36.59208306008798,34.37152505663945,-2.220558003448531
Xavier Restrepo,WR,36.50730113027253,24.754745220305054,-11.752555909967477
Josh Reynolds,WR,35.98075271234446,42.47774843122682,6.49699571888236
John Metchie,WR,35.8788508601983,30.178979181875036,-5.699871678323262
Demarcus Robinson,WR,35.129307253408385,45.536134589194475,10.40682733578609
Ray-Ray McCloud,WR,34.947716672536465,37.85791967080429,2.9102029982678275
Tai Felton,WR,34.55937486102492,15.08513418441974,-19.47424067660518
Olamide Zaccheaus,WR,33.70400387431394,36.173637162950044,2.4696332886361034
Tim Patrick,WR,33.52934187110699,31.28937448162558,-2.2399673894814143
Mack Hollins,WR,31.82196816505727,40.97648815576483,9.154519990707556
Michael Woods,WR,30.993500505475136,19.680064338224412,-11.313436167250725
Kyle Philips,WR,30.917874396135268,26.02619326613963,-4.891681129995639
Konata Mumpfield,WR,30.636251584166303,21.232700999494277,-9.403550584672026
Javon Baker,WR,29.788172512957388,8.06590641912834,-21.72226609382905
Ryan Flournoy,WR,29.782734435483416,40.5845464250551,10.801811989571686
David Bell,WR,29.704515923160386,37.532450773501225,7.827934850340839
Xavier Hutchinson,WR,29.329087776384632,25.003061051136395,-4.326026725248237
Tyquan Thornton,WR,29.2447286563222,31.11496436574705,1.8702357094248505
Jahan Dotson,WR,29.225744539508995,31.64534317681325,2.4195986373042544
Greg Dortch,WR,29.136500745525076,37.02225574504314,7.885754999518063
Curtis Samuel,WR,28.785962684305254,43.0606088008693,14.27464611656405
Hunter Renfrow,WR,28.546716699369956,29.05825554493672,0.5115388455667649
Kendrick Bourne,WR,27.898468273812714,46.507947382513144,18.60947910870043
Jacob Cowing,WR,27.645943399094346,28.212001693536138,0.5660582944417918
Van Jefferson,WR,27.485676788757075,28.68998227345257,1.204305484695496
D.J. Chark,WR,27.05498555719268,43.30134482109424,16.24635926390156
Jordan Watkins,WR,26.858960094740635,17.63758064452571,-9.221379450214926
JuJu Smith-Schuster,WR,26.77083772809942,31.82215036529775,5.051312637198333
Efton Chism,WR,26.683293542715788,40.60959878547939,13.926305242763604
Brycen Tremayne,WR,26.622222222222224,22.731107148878987,-3.8911150733432365
Arian Smith,WR,26.450138647069682,11.210885093187478,-15.239253553882204
Allen Lazard,WR,26.243133206336545,39.514648094421936,13.271514888085392
Jimmy Horn,WR,26.2406994565118,19.328162066154334,-6.912537390357464
Theo Wease,WR,26.238037498126715,53.27063910146379,27.032601603337078
Noah Brown,WR,26.183876072476664,47.45123720860055,21.26736113612389
Treylon Burks,WR,26.17283127304367,24.789581696245516,-1.3832495767981534
Trishton Jackson,WR,26.086956521739136,18.458009863845486,-7.62894665789365
Marquez Valdes-Scantling,WR,26.075784209942565,31.337122946494055,5.26133873655149
Malachi Corley,WR,25.94528788499741,16.89758566239415,-9.04770222260326
Zay Jones,WR,25.897421894575572,37.902616177682816,12.005194283107244
Jared Wayne,WR,25.60386473429952,15.996722205886162,-9.607142528413359
Michael Gallup,WR,25.46132524294397,38.78106025521286,13.319735012268886
Brandon Johnson,WR,24.755887421022393,42.48563897490392,17.729751553881528
Casey Washington,WR,24.68052340716286,20.490848038306115,-4.189675368856744
Jamari Thrash,WR,24.34328644025038,15.176292986566384,-9.166993453683997
Devontez Walker,WR,24.19007281359248,41.547232178987706,17.357159365395226
Justin Watson,WR,24.030553266349784,31.86537730195523,7.834824035605447
David Moore,WR,24.01417132510703,34.15936992988744,10.145198604780411
Xavier Smith,WR,24.002512077294686,26.426350310363205,2.423838233068519
Derius Davis,WR,22.85455777455803,18.537406239908687,-4.317151534649344
Mecole Hardman,WR,22.824555357122183,26.685581436765425,3.861026079643242
Skyy Moore,WR,22.63840650331121,20.202761834789673,-2.4356446685215367
Jalen Brooks,WR,21.950961481380926,23.757669068495296,1.8067075871143707
Kalif Raymond,WR,21.788035035869825,33.374661322064114,11.586626286194289
Tyrell Shavers,WR,21.52414610786328,31.996438151779945,10.472292043916664
Jalin Hyatt,WR,21.311882678553467,21.908903767058618,0.5970210885051515
Jamal Agnew,WR,21.08444444444444,33.42915625730752,12.344711812863078
Mason Tipton,WR,21.059936179717916,20.553869767198005,-0.5060664125199104
Robert Woods,WR,20.722805007413637,31.779646876399976,11.05684186898634
KhaDarel Hodge,WR,20.715352527519062,22.34749416854774,1.632141641028678
Dareke Young,WR,20.640000000000004,14.35586376724661,-6.284136232753394
Mason Kinsey,WR,20.222222222222218,18.29392401998153,-1.9282982022406863
Mitchell Tinsley,WR,20.198694317053487,28.04674547459541,7.848051157541924
Ryan Miller,WR,19.88888888888889,28.122507401827214,8.233618512938325
Tyler Johnson,WR,19.708830464101396,31.967983257041325,12.259152792939929
Sterling Shepard,WR,19.41017817685159,32.73415511704776,13.323976940196172
Tyler Scott,WR,19.34257846768386,19.84393682207311,0.5013583543892501
Bryce Oliver,WR,18.893994511455737,20.828138719658163,1.9341442082024258
Beaux Collins,WR,18.664243585047764,13.261958141486911,-5.402285443560853
Tahj Washington,WR,18.617777777777768,17.91105705096563,-0.7067207268121365
Jahdae Walker,WR,18.488888888888887,53.736466294595786,35.2475774057069
Chris Blair,WR,18.297777777777767,12.44152892216714,-5.856248855610627
Tanner Conner,WR,18.04297832278147,18.85303133981426,0.8100530170327929
DeAndre Carter,WR,17.956403490891315,15.4405528088778,-2.5158506820135145
Jonathan Mingo,WR,17.792641558944492,24.472146034939005,6.679504475994513
Cody White,WR,17.51111111111111,38.42178753395999,20.910676422848884
Gage Larvadain,WR,17.18490664153723,16.309266670388936,-0.8756399711482921
Jake Bobo,WR,17.073600856955014,24.27660014627324,7.202999289318225
K.J. Osborn,WR,16.65911760578908,41.33090859507975,24.671790989290667
Trey Palmer,WR,16.55836528671389,33.076463826469904,16.518098539756014
Ben Skowronek,WR,16.507935431021874,19.223743801877276,2.7158083708554024
Xavier Gipson,WR,15.513578312843501,22.92775253202488,7.414174219181378
Xavier Weaver,WR,15.424672181109012,14.424232868856588,-1.000439312252423
Lil'Jordan Humphrey,WR,15.199999999999992,29.875188642697065,14.675188642697073
Ainias Smith,WR,15.09306972816578,37.555344769826505,22.462275041660725
Ashton Dulin,WR,14.445164337226373,19.230211438962588,4.785047101736215
Cedrick Wilson,WR,14.414941913583974,31.933787957531692,17.51884604394772
A.T. Perry,WR,14.37294685990338,46.48934152393778,32.1163946640344
Braxton Berrios,WR,14.197101449275362,24.69448858899808,10.497387139722719
Mike Strachan,WR,14.075555555555553,20.09886830248503,6.023312746929477
Laviska Shenault,WR,14.009661835748787,17.763800524421058,3.7541386886722705
Malik Heath,WR,13.959349588081698,23.93741259908141,9.97806301099971
David Sills,WR,13.777777777777779,27.92820273001451,14.150424952236733
Tyler Boyd,WR,13.642513303519715,43.001420290266076,29.358906986746362
Tylan Wallace,WR,13.608945768154006,24.265361788834475,10.656416020680469
Simi Fehoko,WR,13.52444444444445,28.693930471434285,15.169486026989835
Isaiah Hodgins,WR,13.452914798206283,28.329518878363515,14.876604080157232
Bub Means,WR,13.324038832039955,41.49987151411655,28.175832682076596
Velus Jones,WR,13.258719651501423,12.294272395622563,-0.9644472558788593
Scotty Miller,WR,13.123417221602926,24.054089884243147,10.930672662640221
Alex Bachman,WR,13.06666666666667,17.774318847745672,4.707652181079002
Trent Sherfield,WR,12.959476113970487,18.73148627028541,5.772010156314922
Austin Trammell,WR,12.93333333333333,17.22978531503343,4.296451981700098
Bo Melton,WR,12.630145665052074,27.15014360910586,14.519997944053786
Anthony Gould,WR,12.507536231884064,15.814404601592877,3.3068683697088126
Laquon Treadwell,WR,12.444444444444446,19.278439083165257,6.83399463872081
Kevin Austin,WR,12.333333333333329,29.435140906449902,17.101807573116574
Devin Duvernay,WR,12.253913043478265,14.010419885427758,1.7565068419494931
Nikko Remigio,WR,12.040579710144927,25.07160602751605,13.031026317371124
Dee Eskridge,WR,11.726172697683317,14.057525869312151,2.331353171628834
Rakim Jarrett,WR,11.538647342995173,19.369597885311897,7.8309505423167245
Jalen Reagor,WR,11.526325866360326,18.392194641178392,6.8658687748180665
Charlie Jones,WR,11.175007247910983,19.825391896045108,8.650384648134125
Darius Cooper,WR,10.901373360956354,24.921667492833024,14.02029413187667
James Proche,WR,10.777777777777775,15.659265516925974,4.881487739148199
Kameron Johnson,WR,10.725072247135026,17.911057050965635,7.185984803830609
Robbie Chosen,WR,10.666666666666668,25.963417907252307,15.296751240585639
Trenton Irwin,WR,10.553140096618353,31.87591078351658,21.322770686898227
Jason Brownlee,WR,9.906666666666663,23.216499335900178,13.309832669233515
Gunner Olszewski,WR,9.777777777777775,36.02167606272625,26.243898284948475
Dante Pettis,WR,8.38598506605399,27.97225569443616,19.58627062838217
Erik Ezukanma,WR,7.733333333333336,9.068653242741398,1.335319909408062
Johnny Wilson,WR,6.982401218377188,13.875417885827769,6.893016667450581
Terrace Marshall,WR,6.888888888888889,21.833760948862146,14.944872059973257
Antoine Green,WR,6.603864734299513,8.339382825568265,1.7355180912687516
Tim Jones,WR,6.443961352657001,17.192943038015656,10.748981685358654
Ihmir Smith-Marsette,WR,5.688888888888899,29.214748517149193,23.525859628260292
Irvin Charles,WR,5.333333333333334,5.05766594828917,-0.275667385044164
Jha'Quan Jackson,WR,4.8309178743961345,8.61285923200819,3.781941357612056
Rondale Moore,WR,4.484304932735428,36.92874505782555,32.444440125090125
Zach Pascal,WR,3.6231884057971007,8.64324549939041,5.0200570935933095
Chris Moore,WR,3.404830917874402,31.023880865881576,27.619049948007174
Ronnie Bell,WR,2.5661835748792217,27.02603758447769,24.45985400959847
Anthony Miller,WR,0.666666666666671,22.19552075185779,21.528854085191117
Nelson Agholor,WR,0.0,32.18522770525797,32.18522770525797
Britain Covey,WR,0.0,24.879592066755947,24.879592066755947
Brock Bowers,TE,96.0300628978377,96.76075025361044,0.7306873557727442
Trey McBride,TE,95.45634147344455,94.59287416675454,-0.863467306690012
George Kittle,TE,89.85865719330037,88.36228133420269,-1.4963758590976823
Sam LaPorta,TE,87.81201092920341,81.93109902830533,-5.880911900898084
Tyler Warren,TE,84.8140505332124,72.50728027800218,-12.30677025521021
Tucker Kraft,TE,82.53702487992638,66.06995292155254,-16.467071958373836
Colston Loveland,TE,81.57643945545246,71.98873545717638,-9.587703998276083
T.J. Hockenson,TE,79.93356229619008,69.26315654476309,-10.670405751426983
Jake Ferguson,TE,77.97351899497342,67.99466350620114,-9.978855488772282
Mark Andrews,TE,77.30743956454826,65.9190732732875,-11.388366291260766
Dalton Kincaid,TE,76.73809817039115,60.30720078935524,-16.430897381035912
Kyle Pitts,TE,76.39238032434744,62.72387456765756,-13.668505756689882
Travis Kelce,TE,75.20349978558238,84.46747259073354,9.263972805151155
David Njoku,TE,74.35154784941223,76.6707250200719,2.319177170659671
Dallas Goedert,TE,74.1963634636677,72.54863785667797,-1.6477256069897237
Brenton Strange,TE,70.98862098895326,47.733847323495525,-23.254773665457734
Evan Engram,TE,69.3452178179999,64.88691296057863,-4.458304857421268
Hunter Henry,TE,69.00626413219288,65.03454837550994,-3.97171575668294
Mason Taylor,TE,66.90421010874722,46.231411060193516,-20.672799048553706
Harold Fannin,TE,66.4043151053958,76.89461363084008,10.490298525444288
Isaiah Likely,TE,65.88690332754496,50.873865100460954,-15.013038227084003
Jonnu Smith,TE,61.652039445148674,58.742538815497625,-2.909500629651049
Chigoziem Okonkwo,TE,60.69409014490074,47.758929125106086,-12.935161019794656
Dalton Schultz,TE,59.529815084430496,59.69472511141619,0.16491002698569446
Theo Johnson,TE,59.50613009191721,52.20060133862327,-7.305528753293935
Juwan Johnson,TE,59.34475963564073,58.89430507491324,-0.45045456072748635
Cade Otton,TE,59.294192944776746,58.708277563401595,-0.5859153813751519
Pat Freiermuth,TE,58.99920906253462,58.03206002259169,-0.9671490399429246
Terrance Ferguson,TE,58.617443418497274,34.18946083291426,-24.427982585583017
Oronde Gadsden,TE,57.71234852043025,58.30502517474721,0.5926766543169606
Mike Gesicki,TE,56.164759089562814,44.282452384167605,-11.882306705395209
Elijah Arroyo,TE,56.009818953019476,24.88926997649679,-31.120548976522684
Ja'Tavion Sanders,TE,53.28098707520715,33.7711218974286,-19.50986517777855
Cole Kmet,TE,51.95130558336676,52.3791044123888,0.4277988290220378
Zach Ertz,TE,50.73222575549807,64.71384899163498,13.981623236136905
AJ Barner,TE,50.664208878239066,48.39523145210493,-2.2689774261341356
Michael Mayer,TE,48.25924655887975,37.75848930803329,-10.500757250846462
Ben Sinnott,TE,47.76743594760644,26.90857822164317,-20.858857725963265
Noah Gray,TE,46.23542679090968,34.729437518579516,-11.505989272330162
Gunnar Helm,TE,45.65614227760226,39.336493814688275,-6.319648462913982
Darren Waller,TE,45.05047886828679,66.66588316974837,21.61540430146158
Noah Fant,TE,42.52708786407988,41.358239088530645,-1.168848775549236
Dawson Knox,TE,39.6457071197949,35.46820279943479,-4.177504320360107
Tyler Higbee,TE,39.3290752855641,51.815964244516316,12.486888958952214
Tyler Conklin,TE,38.78301202576397,45.40267990117483,6.619667875410855
Will Dissly,TE,37.550353487999296,36.50483414374341,-1.0455193442558866
Colby Parkinson,TE,35.80287207523074,42.20280227825198,6.399930203021242
Luke Musgrave,TE,35.783743913557394,30.16683765975563,-5.616906253801766
Darnell Washington,TE,35.42655178464902,29.880330711640752,-5.546221073008269
Jake Tonges,TE,34.25165386791425,62.13293903084168,27.881285162927433
Mitchell Evans,TE,32.38078194082262,26.57206684044997,-5.808715100372652
Cade Stover,TE,31.96547299043221,24.25855109474671,-7.7069218956855
Ben Yurosek,TE,31.538461538461537,16.308469714057328,-15.229991824404209
Mo Alie-Cox,TE,31.389464882943145,24.700222282562788,-6.689242600380357
Austin Hooper,TE,30.713278012049596,34.29330988678706,3.580031874737461
Elijah Higgins,TE,30.611104572458466,27.840387918234867,-2.770716654223598
Blake Whiteheart,TE,30.492307692307698,15.130679879881122,-15.361627812426576
David Martin-Robinson,TE,30.192307692307697,20.627032439370076,-9.56527525293762
Greg Dulcich,TE,29.34209229252003,39.28246007529082,9.940367782770792
Quintin Morris,TE,28.982608695652168,27.252100256611232,-1.7305084390409355
Tommy Tremble,TE,28.86378390052741,37.209810087360374,8.346026186832965
Grant Calcaterra,TE,27.17406306402974,25.257329130851872,-1.9167339331778663
Sean McKeon,TE,26.086956521739136,6.297256123559581,-19.789700398179555
Luke Schoonmaker,TE,25.873608705356364,26.097639772926193,0.22403106756982893
Julian Hill,TE,25.80566522959733,16.056244267860038,-9.749420961737293
Hunter Long,TE,25.241150170010883,25.06337414810045,-0.1777760219104323
Jared Wiley,TE,25.23450877815465,15.425127338425174,-9.809381439729478
Devin Culp,TE,24.703454811718426,48.30509354251089,23.601638730792462
Lucas Krull,TE,24.69403135219383,24.18150744092603,-0.5125239112677988
John Bates,TE,24.07842520368228,16.745544681562738,-7.332880522119542
Jeremy Ruckert,TE,23.868567047518166,25.04693888163999,1.1783718341218226
Andrew Ogletree,TE,23.772408026755855,23.79921305941799,0.02680503266213563
Eric Saubert,TE,23.654347826086955,22.98202214073478,-0.672325685352174
Payne Durham,TE,23.613500886375974,22.36150867033171,-1.2519922160442647
Josh Oliver,TE,23.526384026141166,35.12151570078101,11.595131674639845
Luke Farrell,TE,23.31482039244191,26.48006548750227,3.16524509506036
Nate Adkins,TE,23.007692307692306,24.09794339008632,1.0902510823940155
Johnny Mundt,TE,22.71414228138544,23.163649963064437,0.44950768167899824
Charlie Kolar,TE,22.713281452700397,26.932134018326693,4.218852565626296
Gerald Everett,TE,22.564827451744982,36.10465748436687,13.539830032621886
Foster Moreau,TE,21.947146783866337,32.493209553551935,10.546062769685598
Stone Smartt,TE,21.843390945751164,26.517358233176548,4.673967287425384
Robert Tonyan,TE,21.41303397723634,17.731632430353574,-3.681401546882764
Ben Sims,TE,21.357525083612046,17.94896269737418,-3.4085623862378647
Josh Whyle,TE,21.082568839458855,24.25666953654561,3.174100697086754
Shane Zylstra,TE,20.961538461538463,30.68572878740068,9.724190325862217
Jelani Woods,TE,20.927043808209728,10.4195205431763,-10.507523265033427
Adam Trautman,TE,20.799768846441367,24.68433273548625,3.884563889044884
John FitzPatrick,TE,20.57692307692308,20.332584980826027,-0.24433809609705293
Brayden Willis,TE,20.546153846153835,6.297256123559581,-14.248897722594254
Tanner Hudson,TE,19.646972883419995,37.06851135839257,17.421538474972575
Daniel Bellinger,TE,19.61325041398906,31.26149068986362,11.64824027587456
Davis Allen,TE,19.570397213431917,28.433850951696126,8.863453738264209
Kylen Granson,TE,19.46102063890399,26.20429000203643,6.743269363132441
Brock Wright,TE,18.806345559272962,29.377683561110576,10.571338001837614
Brenden Bates,TE,18.30250836120402,16.66180666431019,-1.640701696893828
Drew Sample,TE,18.003216885393552,25.714430195325633,7.711213309932081
Durham Smythe,TE,18.002840265153093,24.883424290910526,6.880584025757432
Harrison Bryant,TE,17.842292392892467,24.833467004022808,6.99117461113034
Chris Manhertz,TE,17.692307692307697,16.485138189183758,-1.2071695031239393
Brevyn Spann-Ford,TE,17.64373638268641,17.021103230501893,-0.6226331521845161
Jackson Hawes,TE,17.311964259108535,30.170150070131122,12.858185811022587
Teagan Quitoriano,TE,17.2587500057823,16.701066325449393,-0.5576836803329073
Jaheim Bell,TE,17.245289013517095,14.149188351400952,-3.096100662116143
Tucker Fisk,TE,17.168394648829434,16.140214023460725,-1.0281806253687087
Moliki Matavao,TE,17.025485775443205,23.96410363620266,6.938617860759454
Colson Yankoff,TE,16.92307692307692,13.75659174000888,-3.1664851830680405
Pharaoh Brown,TE,16.730526374221125,23.4406414876799,6.710115113458777
Ko Kieft,TE,15.86153846153846,20.430734133674044,4.569195672135583
Cole Turner,TE,15.652173913043477,27.27230620456201,11.620132291518534
Will Mallory,TE,15.082342736875782,20.15126526343987,5.068922526564089
James Mitchell,TE,14.449999999999996,18.78182836582736,4.331828365827363
Erick All,TE,14.131438185144617,32.65030366325217,18.51886547810755
Jack Stoll,TE,14.069230769230778,17.446999887094325,3.377769117863547
Tip Reiman,TE,13.966557183636539,16.970976495781443,3.004419312144904
Charlie Woerner,TE,13.913157213964633,16.897364631145425,2.9842074171807926
Ian Thomas,TE,12.999560232365589,19.70327570668286,6.703715474317271
Cam Grandy,TE,12.173913043478258,16.60291717260138,4.429004129123122
Irv Smith,TE,11.304347826086957,26.708641705527217,15.40429387944026
Kenny Yeboah,TE,9.565217391304348,21.38768837394221,11.822470982637864
Connor Heyward,TE,9.389130434782611,24.92053471102221,15.531404276239599
Nick Muse,TE,8.461538461538465,25.141893470378868,16.6803550088404
Hayden Hurst,TE,6.726457399103136,27.552821545620333,20.826364146517196
Feleipe Franks,TE,1.4084507042253502,9.35950969241772,7.95105898819237
Brevin Jordan,TE,1.3452914798206317,37.597001145223075,36.251709665402444
